"O Brasil ta igual Titanic quando bateu. O capitÃ£o nÃ£o assume que bateu, as pessoas comem e danÃ§am enquanto ele afunda. ESTAMOS NAQUELE MOMENTO EM QUE NÃƒO HÃ BOTES PARA TODOS. #forabolsonaro #desgoverno #foracorja #familicia #mansaoflavio #cadeavacina #vacina #debocheflavio #justica"
"Aqui vai virar uma Venezuela, diz o ministro.  Podia comeÃ§ar pelo preÃ§o do combustÃ­vel nÃ©, lÃ¡ sÃ£o 5 centavos.  #forabolsonaro #desgoverno #foracorja #familicia #mansaoflavio #cadeavacina #vacina #debocheflavio #justica"
"Como os mais jovens sÃ£o menos suscetÃ­veis de desenvolver a covid-19, as fabricantes de vacinas priorizaram os testes em adultos. Mas como isso afeta nossas chances de atingir a 'imunidade de rebanho'? #vacina #Covid19   https://t.co/y5pmBv8D1T"
"Mais da metade da populaÃ§Ã£o recebeu pelo menos a primeira dose da vacina. Restaurantes, empresas, escolas e aeroportos voltam a abrir as portas. #Israel #vacina   https://t.co/Uvax8ByCDS"
"Mais da metade da populaÃ§Ã£o recebeu pelo menos a primeira dose da vacina. Restaurantes, empresas, escolas e aeroportos voltam a abrir as portas. #Israel #vacina   https://t.co/7eUoBTSVDY"
"Como os mais jovens sÃ£o menos suscetÃ­veis de desenvolver a covid-19, as fabricantes de vacinas priorizaram os testes em adultos. Mas como isso afeta nossas chances de atingir a 'imunidade de rebanho'? #vacina #Covid19   https://t.co/ejpTwGWjMr"
#vida #vacina https://t.co/1qT8HUa5Kq
VACINÃ”METRO COVID-19 â€“ 07/03/2021  #saude #itajuba #itajubÃ¡ #prefeituradeitajubÃ¡ #coronavirus #covid19 #mg #governo #minasgerais #vacina https://t.co/nK491G0NxC
Ãšltimo jogo que fomos...07/03/2020! ÃŠ saudade! #VacinaJa #VacinaParaTodos #vacina https://t.co/0Weu4hDckG
@lupoesia77 #FelizAniversÃ¡rio #Vacina #ImpeachmentBolsonaroEMourÃ£o #ForaBolsonaroEMourÃ£o
Resultado da #vacina https://t.co/bjCKUSF4YJ
"Ai gente, eu chorei! ğŸ¥º â¤ï¸ğŸ™ğŸ¼#vacina https://t.co/nmFP2A7WZJ"
Inveja dos idosos que sÃ£o vacinados... e Ã© isso!! #vacina #VacinaEImpeachment
@lupoesia77 Feliz aniversÃ¡rio! ğŸˆğŸŠğŸ #vacina #impeachment
"Mais uma de nossas colaboradoras, a copeira Antonia Araujo dÃ¡ sentido ao que Ã© vestir a camisa de uma empresa. O envolvimento dos funcionÃ¡rios ajuda o Butantan a vencer seus desafios todos os anos. Veja o vÃ­deo. #Vacina #Podeconfiar #Ã‰doButantan #VacinadoButantan #Butantan120Anos https://t.co/zPh53lZQzg"
Use a mÃºsica para tirar os efeitos da pandemia da sua mente. ConheÃ§a minhas composiÃ§Ãµes e ajude a alcanÃ§ar mais pessoas.  â†ªhttps://t.co/bh6zZ2af45  #bomdia #brasil #vacina #pandemia #saude #domingodetremurasdv #vida #mente #pessoas #rock #boamÃºsica
Bom dia a todos na paz do Senhor Jesus Cristo ğŸ™ğŸ½ğŸ™ğŸ½ğŸ™ğŸ½  Minha mÃ£e tomou a #Vacina ğŸ’‰ hoje ğŸ‘ğŸ½ğŸ‘ğŸ½ğŸ‘ğŸ½ğŸ‘ğŸ½ğŸ‘ğŸ½  @prefeiturabelem @EdmilsonPSOL #VacinaJa #VacinaParaTodos  #VivaOSUS https://t.co/Ew7M4b2PB1
"ConheÃ§a a LuminÃ¡ria pra Ombrelone que temos a pronta entrega... charmosa, toda em Led.. https://t.co/NHxm92l7T6  #ombrelone #ombrelones #soombrelones #lazer #piscina #forbes #iate #verÃ£o #casa #guardasol #americanas #mercadolivre #decoraÃ§Ã£o #decor #vacina #calor #sombra #toldo https://t.co/Tb6broycvT"
"Essa cena mostra o quanto o Programa Nacional de ImunizaÃ§Ãµes Ã© abrangente, consegue chegar a todo lugar, basta dar a sua â€œmatÃ©ria primaâ€, vacinas !!! ğŸ‘ğŸ»ğŸ‘ğŸ»ğŸ‘ğŸ» #PNI #vacina #temquevacinar #sÃ³vem #covid #FicaEmCasa https://t.co/m5pupGjWBj"
"Quem dera esta fosse a #influencer mais citada no #Brasil: #Pneumologista Margareth Dalcolmo, Professora e Pesquisadora da #Fiocruz.  #CiÃªncia #dados #pandemia #vacina #PolÃ­tica #SaÃºde https://t.co/d0m20sZoG2"
"Sobre #vacina e #covid  ğŸ˜·ğŸ’‰ @minsaude prevÃª 30 milhÃµes de doses de vacina ainda este mÃªs; distribuiÃ§Ã£o comeÃ§a na prÃ³xima semana. SerÃ£o 23,3 milhÃµes da CoronaVac e 3,8 milhÃµes da AstraZeneca  E sobre o avanÃ§o no calendÃ¡rio da vacinaÃ§Ã£o.. nada ainda ğŸ™„"
O jornalismo na #Record comeÃ§ou a ganhar credibilidade...   Mariana Godoy explica negacionismo do governo #Bolsonaro e viraliza: â€œ#Vacina nÃ£o Ã© pÃ£ozinho que sai de hora em horaâ€ https://t.co/2jr7iQKLqo
O mundo em pÃ¢nico com a fÃ¡brica de variantes potentes de Bolsonaro.  https://t.co/idrKfrzaOo  Estamos no Telegram: https://t.co/jKeuqDjRFS  e no Whatsapp: https://t.co/vew1RjJkhz  #Bolsonaro #COVID_19 #pandemia #vacina
"Agora Ã© oficial, Bolsonaro Ã© a maior ameaÃ§a para o planeta  https://t.co/dtm2D2VKMN  Estamos no Telegram: https://t.co/jKeuqDjRFS  e no Whatsapp: https://t.co/vew1RjJkhz  #Bolsonaro #COVID_19 #pandemia #vacina"
O mundo em pÃ¢nico com a fÃ¡brica de variantes potentes de Bolsonaro.  https://t.co/idrKfrzaOo  Estamos no Telegram: https://t.co/jKeuqDjRFS  e no Whatsapp: https://t.co/vew1RjJkhz  #Bolsonaro #COVID_19 #pandemia #vacina
@SenadoFederal trava projetos que criminalizam #furar fila da #vacina.  #Perguntinha aos #senadores:  ğŸ‘‡ VocÃªs sÃ£o #favorÃ¡veis a quem fura fila de vacina? Por que estÃ£o #travando essa importante #votaÃ§Ã£o? Que vergonha heim??? https://t.co/XXKpm0pE4B
"Uma Ã³tima noticia previsÃ­vel, mas sempre serÃ¡ uma Ã³tima notÃ­cia!!!! @butantanoficial #vacina #COVID19 #vacinaparatodos https://t.co/WkNnZPRVMf"
#Judas Negou a #Vacina 3 #Vezes aos #Brasileiros Que #Inferno esse #PaÃ­s https://t.co/zJi4x7L9c9
Dicas para fazer na Quarentena! Assista https://t.co/SrelsAkk67  Siga @FabricioViana  #vacinaja #quarentena #confinamento #tÃ©dio #pandemia #emcasa #ficaemcasa #VacinaParaTodos #videonovo #LGBTQbrasil #gay #gays #gaybrasil #vacina #Covid19 #brasil #ficadica #motivacao #boasemana https://t.co/iOvq13O0Gg
@lupoesia77 #FelizAniversario #Vacina #ImpeachmentJa
ğŸ•Boa Noite! ZÃ© GotinhağŸ’§  Se souber quando vai chegar a #VacinağŸ’‰ da #COVID19 dos Brasileiros jÃ¡ aplica uma no JacarÃ©ğŸŠ  pra gente vÃª se ajuda Salvar o Brasil e a Sociedade no Luto em Cadeia  |ğŸ‡§ğŸ‡·ğŸ´
O TRANCAMENTO o Isolamento o Lockdown CORRETO Ã© a Ãºnica Ferramenta Eficiente para colocar a #EmergÃªncia #COVID19 na Normalidade para Controlar a CARGA Salvar Vidas atÃ© a chegada da #VacinağŸ’‰ para Vacinar Todos os Brasileiros e Reorganizar o Sistema no Brasil
VAMOS VIGIAR OS GOVERNADORES E FAMILIARES NA PANDEMIA.  VAMOS FILMAR E TIRAR FOTOS. #estamosvigiandogovernadores..  #doria #governador #brasil #vigiar #familia #fotos #filmar #camera #estado #governo #pandemia #coronavirus #vacina #lockdown #foradoria
"Agora Ã© oficial, Bolsonaro Ã© a maior ameaÃ§a para o planeta  https://t.co/Rlmuw3QgsB  Estamos no Telegram: https://t.co/uPcojgF9TA  e no Whatsapp: https://t.co/jtfMu9ePV8  #Bolsonaro #COVID_19 #pandemia #vacina"
"Que a populaÃ§Ã£o se cuide mais. NÃ£o brinque com o perigo, a pandemia nÃ£o acabou. Cuide de vocÃª e do prÃ³ximo. Seja responsÃ¡vel, sÃ³ sairemos dessa JUNTOS!! #TodosPelasVacinas #Vacina #Vida  Arte: @uesu https://t.co/Tl04ZQIS2C"
"Estava no hospital e acabou de falecer uma pessoa por conta do COVID-19, que tristeza ver a famÃ­lia desesperada.  #VacinaJa  #VacinaParaTodosJa  #vacina"
Mudei meu nome ! Me chame de prÃ³ximo ! ğŸ˜¹ğŸ˜¹ğŸ˜¹ #vememmimvacina #vacina #sabado #prarirouprachorarğŸ˜‚ğŸ˜‚ğŸ˜‚  #meunomeÃ©proximo em MaceiÃ³-Alagoas/ Nordeste Do Brasil https://t.co/mGoX4SH7sj
@hector00 @DavidNemer Em quais Estados estÃ£o aplicando essa vacina? Ainda nÃ£o vi muito dela por aqui. E desde jÃ¡ compartilhando para evitar fakenews e mÃ¡ informaÃ§Ã£o! ğŸ’ªğŸ½ #vacina #VacinaEImpeachment #VacinaParaTodosJa
Vai dar uma voltinha?  #COVID19 #coronavirus #vacina https://t.co/SAa2Mi5mTX
"Negaram a #pandemia Leitos abertos Criticaram os leitos Leitos fechados Faltaram mÃ©dicos  Negaram a #vacina Pressionaram ComÃ©rcio reabriu Festas, praias... Segunda onda veio Variantes se espalham Colapso da saÃºde Chega de mimimi #COLAPSO Perguntam: Por que fecharam os leitos!"
Resumo da Ã³pera atÃ© aqui... abra e leia... #COVID #coronavirus #pandemia #vacina https://t.co/ZEGLA2tpAH
Uma boa explicaÃ§Ã£o. . Reposted from @linhasdesampa Para que a gente nÃ£o banalize o mal. A saÃºde Ã© um pacto coletivo.  #defendaosus #vacinacÃ£ocovid  #vacina  #auxÃ­lioemergencial  #rendabasica   pelas mÃ£os de @ligiamariamaria para o Linhas de Sampa https://t.co/tw64RrZeLC https://t.co/ywE5flfnhO
"Esta Ã© a avÃ³ de um amigo nosso. Ela tem 101 anos. Ela foi enfermeira na Alemanha na Segunda Guerra Mundial. Impressiona nÃ£o sÃ³ a idade, como a lucidez comprovada pelo raciocÃ­nio e o portuguÃªs escorreito. O nome dela Ã© Alda Schlemm Niemeyer.#vacina #COVID19 https://t.co/RZu4SYkOzp"
Bolsonaro entre cadÃ¡veres e o impeachment  Como fazer o impeachment de Bolsonaro? https://t.co/ItTgItbB7T  #MarcoAntonioVilla #ForaBolsonaro #COVID19 #vacina #Itamaraty #ImpeachmentBolsonaro
Viva a ciÃªncia!!! ğŸ’‰Gostaria que todas as pessoas tivessem acesso Ã  vacina. ğŸ’Š Infelizmente ainda nÃ£o temos remÃ©dios adequados para tratamento do corona vÃ­rus.  #dentista #uberlÃ¢ndia #covid19 #coronavirus #coronavac #sputinik #sheldon #pheizer #vacina #vavinada https://t.co/syqhIAK7l7
Utilidade pÃºblica: VACINAS CONTRA COVID FUNCIONAM? ENTENDA - Nostalgia Animado https://t.co/U9I4zYTrrU via @YouTube  como sempre @FeCastanhari dando aula #COVID19 #vacina
@Flaviamaynarte EstÃ£o requerendo o tratamento com #cloroquina e #ivermectina e mantendo o seu posicionamento contra a #vacina. Por mim os #bolsominions podem enfiar todo o estoque desse medicamento e deste vermÃ­fugo no rabo atÃ© explodirem. https://t.co/UuvJSmBmcY
"Saudade de um embalo num sÃ¡bado Ã  noite, nÃ© minha filha?!?!  #lockdown #fiqueemcasa #vacina #saude @ SÃ£o Paulo, Brazil https://t.co/aPoy7rkibn"
"Sonhei com a #vacina, com o #impeachment e que ganhei na #sena. Com qual posso ter esperanÃ§a? #JN"
"AtravÃ©s da Secretaria de SaÃºde, a Prefeitura Municipal dÃ¡ continuidade Ã  campanha de vacinaÃ§Ã£o. A partir de segunda-feira, dia 8, serÃ£o vacinados tambÃ©m os idosos a partir de 78 anos, alÃ©m dos profissionais e trabalhadores da saÃºde.  #PrefeituraCampoFormoso #Vacina https://t.co/8wnWDtx7nk"
#complicado #vacina #covid #saude #verdade https://t.co/TB9SDegovl
Charge publicada no Jornal O Estado de Mato Grosso do Sul #imunisaÃ§Ã£o #vacinapratodosjÃ¡ #profissionaisdasaude #vacinaprioritaria #vacinacontracovidparatodos #vacina #Pfizer  #toquederecolher  #ficaemcasaquempuder #coronavacsim #coronavac #zegotinha #negacionistas https://t.co/1JOEKTGA8l
Conta para esse moÃ§o sobre a #vacina que o @butantanoficial estÃ¡ desenvolvendo. AlguÃ©m avisa... ğŸ˜”
Vamos fechar o comÃ©rcio? Vamo! Vamos multar geral q tÃ¡ nas ruas aglomerando? Vamo! Vamos dar ajuda financeira pro trabalhadores informais? ... #vacina #Governo #governofederal #BolsonaroCoveiroDoBrasil
"Acho engraÃ§ado que todo flagrante de aglomeraÃ§Ã£o sÃ³ tem gente nova, seja no percurso pro trabalho, pro lazer, NO lazer etc. Agora, eu questiono: porque tÃ£o vacinando os VELHOS? #coronavirus #VacinaParaTodos #VacinaJa #vacina"
Mano me dÃ¡ uma raiva da #mÃ­dia brasileira... Que raio e campanha de vacinaÃ§Ã£o Ã© essa? CadÃª a #vacina pra se fazer essa campanha toda? Ah deixa de palhaÃ§ada
"@folha SerÃ¡ que quem for vacinado com esse imunezante poderÃ¡ se sentir, de fato, imunizado? A #corovac / #sinovac Ã© reconhecida no exterior?  #imunuzacao #Covid_19 #SUS #VACINA @MINSAUDE @butantanoficial @governosp @govbr"
Logo logo #MITO  deles vai tomar vacina #vacina #bolsocaro #
https://t.co/k2W9rpd7Te #VacinaParaTodos #VacinaJa #VacinaParaTodosJa #vacina
Tomem ğŸ’‰vacina #vacina #vachina #VacinaParaTodos  #vacinacao  #VacinaJa  #VacinaSIM  #VacinaParaTodaPopulacao  #VacinacaoCOVID19 https://t.co/gaP52jeN2S
Acompanhamento detalhado de casos e Ã³bitos no Brasil: #covid #covid19 #covid19brasil #usemascara #fiqueemcasa #saude #vacina #vacinaparatodosjÃ¡ https://t.co/Hd0UUTSzV4
Acompanhamento da evoluÃ§Ã£o da campanha de vacinaÃ§Ã£o no Brasil: #covid19brasil #covid #covid19 #saude #vacina #vacinaparatodosjÃ¡ https://t.co/PzDkd851QU
Acompanhamento detalhado de casos e Ã³bitos no mundo: #covid #covid19 #covid19brasil #usemascara #fiqueemcasa #saude #vacina #vacinaparatodosjÃ¡ https://t.co/y9VsWKuaOC
"Desde o comeÃ§o da pandemia, Jair Bolsonaro aposta contra a ciÃªncia... . Texto completo: https://t.co/HRuimN97Ng . #pandemia #coronavirus #covid19 #vacina #politica #liberdade #lideresmunicipais #solucao #eusoulivres #praresolveragora #renovacaopolitica #liberalismo #RafaelResende https://t.co/SJaAPTXCQP"
"Quanta felicidade com @dalailama vacinado contra a #covid_19 nesse sÃ¡bado, 6.  Precisamos de vacinaÃ§Ã£o em massa - URGENTE - para o nosso paÃ­s.  ğŸ’‰ğŸ™ŒğŸ’‰  #PGnews #blogdoPG #vacina #saude #sarscov2  ğŸ“· repost https://t.co/5OnxFm17mx"
Bandidos ser mais importantes que polÃ­cias? Como assim???? #VacinaParaCidadaoDeBem #VacinaBrasil #Vacina #Bolsonaro2022
"Enquanto o #gado fica queimando mÃ¡scaras, brigando contra a #vacina chinesa, desdenhando  da dor de quem perdeu alguÃ©m, etc... E todo dia um 7 x 1 contra justiÃ§a...  #BolsonaroGenocida #SergioMoro #EuApoiaaLavaJato #DeltanDallagnol #bolsopetismo https://t.co/CNI80X6wmO"
"@revistaoeste Os manÃ©s foram em busca de spray milagroso e descobriram que funciona Ã© #mascara , #vacina e #lockdown ! â–ªï¸ Pratiquem distanciamento social â–ªï¸ #useMascara â–ªï¸ Jamais sigam o que faz ou diz Bolsonaro. JAMAIS! ğŸ‘‰ğŸ¼ Evite morrer! https://t.co/XefN1mOG3u"
O JORNALISMO NECROTÃ‰RIO E SEUS NÃšMEROS ABSOLUTOS.  #marciolabre #necrÃ³terio #jornalismo #absurdo #Covid_19 #vacina #vacinacao #imprensasuja https://t.co/egspI7XyIh
#vacina  https://t.co/wr1d9Qpx1q
A POLÃŠMICA VACINAÃ‡ÃƒO NO BRASIL #vacina #vacinaÃ§Ã£o #covid_19 #pandemia #jn #jornalnacional #willianbonner #renatavasconcellos #globo #tvglobo https://t.co/8JUiPeMc01
Dicas para fazer na Quarentena! Assista https://t.co/88lpCKNC50  Siga @FabricioViana  #vacinaja #quarentena #confinamento #tÃ©dio #pandemia #emcasa #ficaemcasa #VacinaParaTodos #videonovo #LGBTQbrasil #gay #gays #gaybrasil #vacina #Covid19 #brasil #ficadica #motivacao #boasemana https://t.co/SUKu6DzUXz
"Falso agendamento da vacina para roubar seu whatsapp. #vacina #covid_19 #agendamento @ Curitiba, ParanÃ¡ https://t.co/9EZxbYqxpt"
#londrina #vacina #coronavirus #covid19 https://t.co/YjFB7wFNB7
Por favorzinho  #ForaBolsonaro #BolsonaroGenocida #covid #covid19 #vacina #bbb #bbb21 https://t.co/FfeqMDkyKD
"Pessoas nunca antes infectadas com o coronavÃ­rus adquiriram anticorpos com duas doses, mas para pacientes previamente infectados bastou uma dose, segundo pesquisa na Argentina. #argentina #covid #covid19 #pandemia #sputnik #vacina  https://t.co/TQjTdgptEB https://t.co/1xKAggptqn"
Toque de recolher em SP em 2006. Quem deu a ordem? PCC...  Eu sÃ³ nÃ£o entendi porque na Ã©poca as pessoas tinham medo de morrer e agora nÃ£o tÃªm mais...ğŸ¤”  #VacinaParaTodos #vacina https://t.co/laxEZd4c2P
Uma explicaÃ§Ã£o bem didÃ¡tica do Felipe Castanhari sobre as vacinas!! Assistam!! #Covid-19  #Pandemia  #Coronavirus  #Coronavac  #AstraZenica  #Sputnik  #Pfizer  #Vacina  https://t.co/vQZuSMzxef
#melhoresvideos #meme #viral #humor #comedia #engraÃ§ado #viralizou #pegadinha #trolagem #meme #vacina #CoronaVirus #pandemia #higiene #seguranÃ§a #covid19 #gripe https://t.co/gxsZwycqOE
#vacina jÃ¡ para todas e todos
"Ao receber 2Âª dose da #vacina contra #COVID19 em NY, @antonioguterres pediu que elas sejam ""um bem pÃºblico global"", acessÃ­vel a todas as pessoas em todos os lugares. Guterres Ã© um dos primeiros das @NacoesUnidas a ser vacinado, por ter mais de 65 anos. https://t.co/62klVoSGab"
#Repost @pedrojunior87 â€¢ â€¢ â€¢ â€¢ â€¢ â€¢ Desse jeito   #Brasil #ForaBolsonaro #Vacina #DefendaOSUS #EleNÃ£o #Coronavirus #pandemia #LulaLivre #LulaPresidente #bolsonaroGenocida #golpe2016 #farsaajato #Lawfare https://t.co/iS68khKPnR
A #vacina salva. NÃ£o precisa ter diploma acadÃªmico para ter essa certeza. Basta pensar como ser humano que acredita na ciÃªncia https://t.co/HXe596KMer
"ğŸ’‰ Brasil estÃ¡ em 40Âª posiÃ§Ã£o no #ranking da #vacina; sem #Coronavac, estaria na 62Âª  https://t.co/37ie81rqhc"
Doses de imunizantes serÃ¡ para a vacinaÃ§Ã£o (75 a 80 anos). #ouvidor #COVID  #vacina  https://t.co/NymvrhBnhP
"De ""intenÃ§Ã£o de compra"" o inferno estÃ¡ cheio. #Vacina #VacinaParaTodos #VacinaSim ğŸ˜·"
"Quando todos estiverem vacinado, vamos sair assim na rua! ğŸ™ğŸ»ğŸ¥³ Via: @telecine .  #lalaland #vacinasim #vacina #aglomeraÃ§Ã£o #humor #movies #dance #music #rua #fun #ryangosglin #emmastone #cinema #danÃ§a https://t.co/6tR8UKekKU"
@BolsonaroSP @ernestofaraujo Spray de peido dizem que Ã© bom tambÃ©m. Nem precisa aprovaÃ§Ã£o da Anvisa.... #vacina
"A crise sanitÃ¡ria se agrava e o governo atual nÃ£o dÃ¡ a devida importÃ¢ncia a vida do povo brasileiro. Falta Vacina, falta auxÃ­lio emergencial e falta o respeito! NÃ£o podemos tolerar o intolerÃ¡vel!  ğŸ¥: Globo News  #342Artes #Covid_19 #Vacina #AuxÃ­lioEmergencial https://t.co/lOs1bQoMnV"
https://t.co/YGju5ByZBd #COVID #Vacina Obrigado @FeCastanhari
#vacina https://t.co/ZhTcrbTxdP
"ğŸ“£ O vereador de Salvador, Sandro Bahiense (Patriota), defendeu neste sÃ¡bado (06/03) a vacinaÃ§Ã£o prioritÃ¡ria de pessoas em tratamento de doenÃ§as crÃ´nicas. ãƒ» ãƒ» ãƒ» ãƒ» ãƒ» ãƒ» ãƒ» ãƒ»  https://t.co/XXa15y0N2x ãƒ» ãƒ» ãƒ» ãƒ» ãƒ» ãƒ» ãƒ» ãƒ»  #sandrobahiense  #combateaocovid #vacinajÃ¡ #vacina https://t.co/l6mBK7D7ic"
"#EuVou! Participe vocÃª tambÃ©m das atividades do Dia da Mulher. SerÃ£o atividades por mais vacina, pelo auxÃ­lio emergencial e pelo fora Bolsonaro! #forabolsonaro #vacinaparatodosetodas #vacina #coronavirus #covid19 #rozinadejesus https://t.co/GjLjwm2SLL"
"NÃ£o Ã© uma carreata por #Vacina   Muito menos pelo impeachment do Genocida.  NÃ£o rolou o Home Schooling, nÃ©? https://t.co/OqkgJPM8MR"
Os funcionÃ¡rios das farmÃ¡cias serÃ£o os Ãºltimos a serem vacinados dentre os profissionais de saÃºde. Contrariando o prÃ³prio plano de vacinaÃ§Ã£o municipal. CoerÃªncia? Nunca teve. #COVID19 #vacina #sesab
"https://t.co/uXKUfH879N  Depois das crÃ­ticas e aglomeraÃ§Ãµes na sexta-feira, para entrega de senhas, fluxo e acesso ao CIS foram organizados pelo Departamento Municipal de TrÃ¢nsito.   #Vacina #VacinaJÃ¡ #Covid19 #SaÃºde #Adamantina #Sigamais"
Minha avÃ³ tomou hoje a primeira dose da vacina â¤  viva o SUS  #vacina #SUS https://t.co/bfWaObflo4
"Do total, 278.566 sÃ£o da primeira dose e 71.688 da segunda dose; dados sÃ£o da FVS-AM atÃ© essa sexta-feira (5)  #PortalAM1 #Amazonas1 #Amazonas #Vacina #Covid19    https://t.co/UWHzFDIGPY"
"A #Vacina que salva vidas, que recupera a economia. O deus do #Gado nÃ£o comprou!   TÃ¡ com fome? A carne aumentou mais de 30%.... o GÃ¡s de cozinha jÃ¡ ta R$ 100,oo... melhor JAIR se acostumando!"
